{
    "debug": false,
    "lintScripts": false,
    "preprocessorLocations": [
        "css/sass"
    ],
    "preprocessorScriptOutput": "scripts",
    "preprocessorStyleOutput": "css",
    "projectName": "Macmillan Cancer Support - Wonderland",
    "projectDescription": "Welcome to Wonderland - On behalf of Paper Partnership Ltd",
    "publishedId": null,
    "serverHostname": null,
    "serverPort": null,
    "templateDirectory": null,
    "templateDefaultLayout": null,
    "templateDefaultPage": null,
    "type": "simple",
    "useCompass": true,
    "simpleModePartnerServer": "wonderland.local",
    "simpleModeFileTypes": [".cshtml", ".scss", ".css", ".js"],
    "modelSource": null,
    "domain": null,
    "convertHtml": null,
    "followLeader": true,
    "routes": null,
    "customRuby": false,
    "customRubyPath": null,
    "remoteDebugPort": 0,
    "optimiseImages": true,
    "password": null,
    "ignoreDir": [
        "node_modules",
        "bower_components",
        "umbraco",
        "umbraco_client"
    ],
    "customTodos": null,
    "autoPrefixer": null,
    "sass": null,
    "sitemap": false,
    "less": null,
    "optimiseSVG": true,
    "reload": 0
}